file,type,lines,path
copilot-sdk-build-rag.md,bash,1,ai-foundry
copilot-sdk-build-rag.md,bash,1,ai-foundry
copilot-sdk-build-rag.md,bash,1,ai-foundry
copilot-sdk-build-rag.md,bash,1,ai-foundry
copilot-sdk-build-rag.md,bash,1,ai-foundry
copilot-sdk-build-rag.md,bash,1,ai-foundry
copilot-sdk-create-resources.md,bash,1,ai-foundry
copilot-sdk-evaluate.md,bash,1,ai-foundry
copilot-sdk-evaluate.md,bash,1,ai-foundry
copilot-sdk-evaluate.md,bash,1,ai-foundry
copilot-sdk-evaluate.md,Text,23,ai-foundry
data-privacy.md,json,4,ai-foundry
data-privacy.md,azurecli,1,ai-foundry
transparency-note.md,,15,ai-foundry
transparency-note.md,,5,ai-foundry
transparency-note.md,,3,ai-foundry
get-started-code.md,bash,1,ai-foundry
get-started-code.md,bash,1,ai-foundry
get-started-code.md,bash,1,ai-foundry
cli-create-project.md,azurecli,3,ai-foundry
create-env-file-tutorial.md,text,6,ai-foundry
create-env-file.md,text,1,ai-foundry
create-project-fdp.md,python,1,ai-foundry
create-project-fdp.md,python,2,ai-foundry
create-project-fdp.md,azurecli,1,ai-foundry
create-project-fdp.md,azurecli,1,ai-foundry
create-project-fdp.md,azurecli,1,ai-foundry
create-second-fdp-project.md,azurecli,1,ai-foundry
development-environment-config.md,bash,2,ai-foundry
development-environment-config.md,python,1,ai-foundry
development-environment-config.md,python,2,ai-foundry
get-started-fdp.md,,1,ai-foundry
get-started-fdp.md,txt,2,ai-foundry
get-started-fdp.md,azurecli,1,ai-foundry
hub-connections.md,python,18,ai-foundry
hub-connections.md,python,18,ai-foundry
hub-connections.md,python,15,ai-foundry
hub-connections.md,python,14,ai-foundry
hub-connections.md,python,13,ai-foundry
hub-connections.md,python,16,ai-foundry
hub-connections.md,python,21,ai-foundry
hub-connections.md,python,25,ai-foundry
hub-connections.md,python,10,ai-foundry
hub-connections.md,python,10,ai-foundry
hub-connections.md,python,15,ai-foundry
hub-connections.md,python,4,ai-foundry
hub-connections.md,python,3,ai-foundry
install-cli.md,powershell,1,ai-foundry
install-cli.md,bash,1,ai-foundry
install-cli.md,bash,1,ai-foundry
install-cli.md,,1,ai-foundry
install-cli.md,,1,ai-foundry
install-csharp-packages.md,bash,5,ai-foundry
install-csharp.md,bash,1,ai-foundry
install-csharp.md,bash,8,ai-foundry
install-promptflow.md,,2,ai-foundry
install-python-packages.md,txt,7,ai-foundry
install-python-packages.md,bash,1,ai-foundry
install-python.md,bash,2,ai-foundry
install-python.md,bash,2,ai-foundry
install-python.md,bash,2,ai-foundry
set-endpoint.md,bash,2,ai-foundry
code-create-chat-client.md,bash,1,ai-foundry
code-create-chat-client.md,python,8,ai-foundry
code-create-chat-client.md,bash,1,ai-foundry
code-create-chat-client.md,javascript,8,ai-foundry
code-create-chat-client.md,dotnetcli,1,ai-foundry
code-create-chat-client.md,csharp,3,ai-foundry
code-create-chat-client.md,csharp,4,ai-foundry
code-create-chat-client.md,xml,5,ai-foundry
code-create-chat-client.md,java,4,ai-foundry
code-create-chat-client.md,HTTP/1.1,3,ai-foundry
code-create-chat-completion.md,python,11,ai-foundry
code-create-chat-completion.md,javascript,13,ai-foundry
code-create-chat-completion.md,csharp,11,ai-foundry
code-create-chat-completion.md,java,13,ai-foundry
code-create-chat-completion.md,HTTP/1.1,3,ai-foundry
code-create-chat-completion.md,JSON,13,ai-foundry
azure-policy.md,azurecli,1,ai-foundry
azure-policy.md,json,23,ai-foundry
azure-policy.md,json,46,ai-foundry
configure-managed-network.md,python,17,ai-foundry
configure-managed-network.md,yaml,2,ai-foundry
configure-managed-network.md,yml,9,ai-foundry
configure-managed-network.md,azurecli,1,ai-foundry
configure-managed-network.md,azurecli,1,ai-foundry
configure-managed-network.md,yml,4,ai-foundry
configure-managed-network.md,azurecli,1,ai-foundry
configure-managed-network.md,azurecli,1,ai-foundry
configure-managed-network.md,yml,10,ai-foundry
configure-managed-network.md,python,25,ai-foundry
configure-managed-network.md,python,22,ai-foundry
configure-managed-network.md,yml,2,ai-foundry
configure-managed-network.md,yaml,18,ai-foundry
configure-managed-network.md,azurecli,1,ai-foundry
configure-managed-network.md,yml,4,ai-foundry
configure-managed-network.md,azurecli,1,ai-foundry
configure-managed-network.md,azurecli,1,ai-foundry
configure-managed-network.md,yaml,19,ai-foundry
configure-managed-network.md,python,50,ai-foundry
configure-managed-network.md,python,47,ai-foundry
configure-managed-network.md,azurecli,1,ai-foundry
configure-managed-network.md,azurecli,1,ai-foundry
configure-managed-network.md,azurecli,1,ai-foundry
configure-managed-network.md,python,15,ai-foundry
configure-managed-network.md,azurecli,1,ai-foundry
configure-managed-network.md,azurecli,1,ai-foundry
configure-managed-network.md,azurecli,1,ai-foundry
configure-managed-network.md,python,15,ai-foundry
configure-managed-network.md,yaml,12,ai-foundry
configure-managed-network.md,python,2,ai-foundry
configure-private-link.md,azurecli-interactive,9,ai-foundry
configure-private-link.md,azurecli-interactive,18,ai-foundry
configure-private-link.md,azurecli-interactive,9,ai-foundry
configure-private-link.md,azurecli-interactive,37,ai-foundry
configure-private-link.md,azurecli,3,ai-foundry
configure-private-link.md,azurecli,1,ai-foundry
configure-private-link.md,azurecli,1,ai-foundry
configure-private-link.md,python,13,ai-foundry
continuous-evaluation-agents.md,python,1,ai-foundry
continuous-evaluation-agents.md,python,29,ai-foundry
continuous-evaluation-agents.md,python,7,ai-foundry
continuous-evaluation-agents.md,python,10,ai-foundry
continuous-evaluation-agents.md,python,34,ai-foundry
continuous-evaluation-agents.md,python,15,ai-foundry
continuous-evaluation-agents.md,python,17,ai-foundry
create-azure-ai-hub-template.md,azurecli,2,ai-foundry
create-azure-ai-hub-template.md,azurepowershell,2,ai-foundry
create-azure-ai-hub-template.md,azurecli,1,ai-foundry
create-azure-ai-hub-template.md,azurecli,1,ai-foundry
create-azure-ai-hub-template.md,azurepowershell,1,ai-foundry
create-azure-ai-hub-template.md,azurecli,1,ai-foundry
create-azure-ai-hub-template.md,azurepowershell,1,ai-foundry
create-azure-ai-project-template.md,azurecli,2,ai-foundry
create-azure-ai-project-template.md,azurepowershell,2,ai-foundry
create-azure-ai-project-template.md,azurecli,2,ai-foundry
create-azure-ai-project-template.md,azurepowershell,2,ai-foundry
create-azure-ai-project-template.md,azurecli,1,ai-foundry
create-azure-ai-project-template.md,azurepowershell,1,ai-foundry
create-azure-ai-project-template.md,azurecli,1,ai-foundry
create-azure-ai-project-template.md,azurepowershell,1,ai-foundry
create-azure-ai-resource.md,python,13,ai-foundry
create-azure-ai-resource.md,azurecli,1,ai-foundry
create-hub-terraform.md,console,1,ai-foundry
create-hub-terraform.md,console,1,ai-foundry
create-hub-terraform.md,azurecli,2,ai-foundry
create-hub-terraform.md,console,1,ai-foundry
create-hub-terraform.md,console,1,ai-foundry
create-hub-terraform.md,azurepowershell,2,ai-foundry
create-manage-compute-session.md,txt,2,ai-foundry
create-manage-compute-session.md,yaml,3,ai-foundry
create-projects.md,Python,12,ai-foundry
create-projects.md,azurecli,1,ai-foundry
create-projects.md,azurecli,1,ai-foundry
create-projects.md,python,1,ai-foundry
create-projects.md,azurecli,1,ai-foundry
create-resource-template.md,azurecli,2,ai-foundry
create-resource-template.md,azurepowershell,2,ai-foundry
create-resource-template.md,azurecli,2,ai-foundry
create-resource-template.md,azurepowershell,2,ai-foundry
create-resource-template.md,azurecli,1,ai-foundry
create-resource-template.md,azurepowershell,1,ai-foundry
create-resource-template.md,azurecli,1,ai-foundry
create-resource-template.md,azurepowershell,1,ai-foundry
deploy-models-managed.md,python,2,ai-foundry
deploy-models-managed.md,python,9,ai-foundry
deploy-models-managed.md,python,17,ai-foundry
deploy-models-managed.md,python,26,ai-foundry
deploy-models-managed.md,python,16,ai-foundry
deploy-models-managed.md,python,8,ai-foundry
deploy-models-serverless-connect.md,azurecli,1,ai-foundry
deploy-models-serverless-connect.md,azurecli,1,ai-foundry
deploy-models-serverless-connect.md,azurecli,2,ai-foundry
deploy-models-serverless-connect.md,python,1,ai-foundry
deploy-models-serverless-connect.md,python,3,ai-foundry
deploy-models-serverless-connect.md,azurecli,2,ai-foundry
deploy-models-serverless-connect.md,python,6,ai-foundry
deploy-models-serverless-connect.md,azurecli,1,ai-foundry
deploy-models-serverless-connect.md,python,4,ai-foundry
deploy-models-serverless-connect.md,azurecli,2,ai-foundry
deploy-models-serverless-connect.md,python,6,ai-foundry
deploy-models-serverless-connect.md,yml,4,ai-foundry
deploy-models-serverless-connect.md,azurecli,1,ai-foundry
deploy-models-serverless-connect.md,python,5,ai-foundry
deploy-models-serverless.md,azurecli,1,ai-foundry
deploy-models-serverless.md,azurecli,1,ai-foundry
deploy-models-serverless.md,azurecli,2,ai-foundry
deploy-models-serverless.md,yml,2,ai-foundry
deploy-models-serverless.md,azurecli,1,ai-foundry
deploy-models-serverless.md,azurecli,1,ai-foundry
deploy-models-serverless.md,yml,2,ai-foundry
deploy-models-serverless.md,azurecli,1,ai-foundry
deploy-models-serverless.md,azurecli,1,ai-foundry
deploy-models-serverless.md,azurecli,1,ai-foundry
deploy-models-serverless.md,azurecli,2,ai-foundry
deploy-models-serverless.md,azurecli,2,ai-foundry
deploy-models-serverless.md,python,1,ai-foundry
deploy-models-serverless.md,python,10,ai-foundry
deploy-models-serverless.md,python,11,ai-foundry
deploy-models-serverless.md,python,4,ai-foundry
deploy-models-serverless.md,python,10,ai-foundry
deploy-models-serverless.md,python,10,ai-foundry
deploy-models-serverless.md,python,3,ai-foundry
deploy-models-serverless.md,python,1,ai-foundry
deploy-models-serverless.md,python,1,ai-foundry
deploy-models-serverless.md,azurecli,2,ai-foundry
deploy-models-serverless.md,bicep,15,ai-foundry
deploy-models-serverless.md,azurecli,1,ai-foundry
deploy-models-serverless.md,azurecli,2,ai-foundry
deploy-models-serverless.md,bicep,25,ai-foundry
deploy-models-serverless.md,azurecli,1,ai-foundry
deploy-models-serverless.md,azurecli,2,ai-foundry
deploy-models-serverless.md,azurecli,1,ai-foundry
disable-local-auth.md,python,1,ai-foundry
disable-local-auth.md,python,2,ai-foundry
disable-local-auth.md,python,21,ai-foundry
disable-local-auth.md,yaml,9,ai-foundry
disable-local-auth.md,azurecli-interactive,1,ai-foundry
disable-local-auth.md,json,35,ai-foundry
disable-local-auth.md,python,4,ai-foundry
disable-local-auth.md,azurecli-interactive,1,ai-foundry
disable-local-auth.md,json,35,ai-foundry
disable-local-auth.md,python,4,ai-foundry
disable-local-auth.md,azurecli-interactive,1,ai-foundry
disable-local-auth.md,json,35,ai-foundry
evaluation-azure-devops.md,JSON,16,ai-foundry
evaluation-azure-devops.md,yaml,37,ai-foundry
evaluation-azure-devops.md,yaml,37,ai-foundry
evaluation-github-action.md,JSON,17,ai-foundry
evaluation-github-action.md,YAML,35,ai-foundry
evaluation-github-action.md,YAML,35,ai-foundry
evaluation-github-action.md,json,16,ai-foundry
evaluation-github-action.md,yml,45,ai-foundry
fine-tune-serverless.md,json,3,ai-foundry
fine-tune-serverless.md,json,3,ai-foundry
fine-tune-serverless.md,python,5,ai-foundry
fine-tune-serverless.md,python,29,ai-foundry
fine-tune-serverless.md,python,7,ai-foundry
fine-tune-serverless.md,json,3,ai-foundry
fine-tune-serverless.md,json,3,ai-foundry
fine-tune-serverless.md,python,20,ai-foundry
fine-tune-serverless.md,python,19,ai-foundry
fine-tune-serverless.md,python,4,ai-foundry
fine-tune-serverless.md,python,20,ai-foundry
fine-tune-serverless.md,python,26,ai-foundry
fine-tune-serverless.md,python,2,ai-foundry
fine-tune-serverless.md,python,14,ai-foundry
fine-tune-serverless.md,python,2,ai-foundry
fine-tune-serverless.md,python,4,ai-foundry
fine-tune-serverless.md,python,25,ai-foundry
fine-tune-serverless.md,python,14,ai-foundry
fine-tune-serverless.md,python,3,ai-foundry
fine-tune-serverless.md,python,19,ai-foundry
fine-tune-serverless.md,python,1,ai-foundry
fine-tune-serverless.md,yaml,26,ai-foundry
flow-deploy.md,json,4,ai-foundry
flow-develop-evaluation.md,python,19,ai-foundry
flow-develop.md,json,26,ai-foundry
flow-develop.md,jinja,6,ai-foundry
flow-process-image.md,python,25,ai-foundry
flow-tune-prompts-using-variants.md,,9,ai-foundry
flow-tune-prompts-using-variants.md,,25,ai-foundry
migrate-project.md,python,6,ai-foundry
monitor-quality-safety.md,python,1,ai-foundry
monitor-quality-safety.md,python,114,ai-foundry
monitor-quality-safety.md,python,67,ai-foundry
monitor-quality-safety.md,python,107,ai-foundry
prompt-flow-troubleshoot.md,yaml,2,ai-foundry
prompt-flow-troubleshoot.md,text,11,ai-foundry
prompt-flow-troubleshoot.md,text,1,ai-foundry
prompt-flow-troubleshoot.md,yaml,16,ai-foundry
secure-data-playground.md,azurepowershell,1,ai-foundry
troubleshoot-secure-connection-project.md,powershell,1,ai-foundry
troubleshoot-secure-connection-project.md,text,5,ai-foundry
use-image-models.md,bash,1,ai-foundry
use-image-models.md,powershell,1,ai-foundry
use-image-models.md,,1,ai-foundry
use-image-models.md,http,12,ai-foundry
use-image-models.md,bash,23,ai-foundry
use-image-models.md,bash,24,ai-foundry
azure-open-ai-gpt-4v-tool.md,jinja,7,ai-foundry
azure-open-ai-gpt-4v-tool.md,json,9,ai-foundry
content-safety-tool.md,json,9,ai-foundry
embedding-tool.md,,5,ai-foundry
index-lookup-tool.md,json,27,ai-foundry
index-lookup-tool.md,json,55,ai-foundry
prompt-tool.md,jinja,11,ai-foundry
prompt-tool.md,,1,ai-foundry
prompt-tool.md,,1,ai-foundry
python-tool.md,python,5,ai-foundry
python-tool.md,python,5,ai-foundry
python-tool.md,python,5,ai-foundry
python-tool.md,python,8,ai-foundry
rerank-tool.md,json,25,ai-foundry
deploy-cxrreportgen.md,python,6,ai-foundry
deploy-cxrreportgen.md,python,29,ai-foundry
deploy-cxrreportgen.md,JSON,11,ai-foundry
deploy-cxrreportgen.md,JSON,17,ai-foundry
deploy-cxrreportgen.md,JSON,8,ai-foundry
deploy-medimageinsight.md,python,6,ai-foundry
deploy-medimageinsight.md,python,38,ai-foundry
deploy-medimageinsight.md,JSON,13,ai-foundry
deploy-medimageinsight.md,JSON,15,ai-foundry
deploy-medimageinsight.md,JSON,5,ai-foundry
deploy-medimageparse.md,python,6,ai-foundry
deploy-medimageparse.md,python,35,ai-foundry
deploy-medimageparse.md,python,57,ai-foundry
deploy-medimageparse.md,JSON,13,ai-foundry
deploy-medimageparse.md,JSON,13,ai-foundry
deploy-medimageparse.md,JSON,9,ai-foundry
deploy-medimageparse.md,json,5,ai-foundry
deploy-medimageparse.md,python,33,ai-foundry
deploy-medimageparse.md,python,25,ai-foundry
agent-evaluate-sdk.md,python,1,ai-foundry
agent-evaluate-sdk.md,python,31,ai-foundry
agent-evaluate-sdk.md,python,53,ai-foundry
agent-evaluate-sdk.md,python,11,ai-foundry
agent-evaluate-sdk.md,python,44,ai-foundry
agent-evaluate-sdk.md,,18,ai-foundry
agent-evaluate-sdk.md,python,12,ai-foundry
agent-evaluate-sdk.md,python,19,ai-foundry
agent-evaluate-sdk.md,python,23,ai-foundry
agent-evaluate-sdk.md,,6,ai-foundry
agent-evaluate-sdk.md,python,39,ai-foundry
agent-evaluate-sdk.md,,6,ai-foundry
agent-evaluate-sdk.md,,20,ai-foundry
agent-evaluate-sdk.md,python,118,ai-foundry
agent-evaluate-sdk.md,python,91,ai-foundry
agent-evaluate-sdk.md,,6,ai-foundry
cloud-evaluation.md,python,1,ai-foundry
cloud-evaluation.md,python,11,ai-foundry
cloud-evaluation.md,python,9,ai-foundry
cloud-evaluation.md,python,6,ai-foundry
cloud-evaluation.md,python,23,ai-foundry
cloud-evaluation.md,python,24,ai-foundry
cloud-evaluation.md,python,34,ai-foundry
cloud-evaluation.md,python,39,ai-foundry
create-hub-project-sdk.md,azurecli,1,ai-foundry
create-hub-project-sdk.md,Python,13,ai-foundry
create-hub-project-sdk.md,azurecli,1,ai-foundry
create-hub-project-sdk.md,python,16,ai-foundry
create-hub-project-sdk.md,azurecli,1,ai-foundry
create-hub-project-sdk.md,yml,5,ai-foundry
create-hub-project-sdk.md,yml,4,ai-foundry
create-hub-project-sdk.md,Python,18,ai-foundry
create-hub-project-sdk.md,azurecli,1,ai-foundry
evaluate-sdk.md,python,1,ai-foundry
evaluate-sdk.md,python,8,ai-foundry
evaluate-sdk.md,json,3,ai-foundry
evaluate-sdk.md,python,22,ai-foundry
evaluate-sdk.md,json,24,ai-foundry
evaluate-sdk.md,python,27,ai-foundry
evaluate-sdk.md,python,27,ai-foundry
evaluate-sdk.md,python,58,ai-foundry
evaluate-sdk.md,python,23,ai-foundry
evaluate-sdk.md,python,34,ai-foundry
evaluate-sdk.md,json,6,ai-foundry
evaluate-sdk.md,python,9,ai-foundry
evaluate-sdk.md,json,3,ai-foundry
evaluate-sdk.md,python,19,ai-foundry
langchain.md,bash,1,ai-foundry
langchain.md,bash,1,ai-foundry
langchain.md,python,3,ai-foundry
langchain.md,python,9,ai-foundry
langchain.md,python,10,ai-foundry
langchain.md,python,7,ai-foundry
langchain.md,python,7,ai-foundry
langchain.md,python,1,ai-foundry
langchain.md,python,1,ai-foundry
langchain.md,python,6,ai-foundry
langchain.md,bash,2,ai-foundry
langchain.md,python,7,ai-foundry
langchain.md,python,3,ai-foundry
langchain.md,python,9,ai-foundry
langchain.md,python,6,ai-foundry
langchain.md,python,1,ai-foundry
langchain.md,python,1,ai-foundry
langchain.md,python,1,ai-foundry
llama-index.md,bash,1,ai-foundry
llama-index.md,bash,2,ai-foundry
llama-index.md,python,7,ai-foundry
llama-index.md,python,8,ai-foundry
llama-index.md,python,8,ai-foundry
llama-index.md,python,9,ai-foundry
llama-index.md,python,7,ai-foundry
llama-index.md,python,7,ai-foundry
llama-index.md,python,6,ai-foundry
llama-index.md,python,6,ai-foundry
llama-index.md,python,11,ai-foundry
llama-index.md,python,3,ai-foundry
llama-index.md,bash,2,ai-foundry
llama-index.md,python,7,ai-foundry
llama-index.md,python,10,ai-foundry
llama-index.md,python,4,ai-foundry
llama-index.md,python,3,ai-foundry
run-ai-red-teaming-cloud.md,python,1,ai-foundry
run-ai-red-teaming-cloud.md,python,4,ai-foundry
run-ai-red-teaming-cloud.md,python,5,ai-foundry
run-ai-red-teaming-cloud.md,python,2,ai-foundry
run-ai-red-teaming-cloud.md,python,36,ai-foundry
run-ai-red-teaming-cloud.md,bash,1,ai-foundry
run-ai-red-teaming-cloud.md,python,3,ai-foundry
run-ai-red-teaming-cloud.md,bash,1,ai-foundry
run-ai-red-teaming-cloud.md,python,2,ai-foundry
run-ai-red-teaming-cloud.md,bash,1,ai-foundry
run-scans-ai-red-teaming-agent.md,python,1,ai-foundry
run-scans-ai-red-teaming-agent.md,python,25,ai-foundry
run-scans-ai-red-teaming-agent.md,python,12,ai-foundry
run-scans-ai-red-teaming-agent.md,python,8,ai-foundry
run-scans-ai-red-teaming-agent.md,python,6,ai-foundry
run-scans-ai-red-teaming-agent.md,python,20,ai-foundry
run-scans-ai-red-teaming-agent.md,python,11,ai-foundry
run-scans-ai-red-teaming-agent.md,python,5,ai-foundry
run-scans-ai-red-teaming-agent.md,json,25,ai-foundry
run-scans-ai-red-teaming-agent.md,python,12,ai-foundry
run-scans-ai-red-teaming-agent.md,python,23,ai-foundry
run-scans-ai-red-teaming-agent.md,python,4,ai-foundry
run-scans-ai-red-teaming-agent.md,json,134,ai-foundry
run-scans-ai-red-teaming-agent.md,json,25,ai-foundry
sdk-overview.md,bash,1,ai-foundry
sdk-overview.md,bash,1,ai-foundry
sdk-overview.md,python,7,ai-foundry
sdk-overview.md,java,11,ai-foundry
sdk-overview.md,bash,1,ai-foundry
sdk-overview.md,javascript,10,ai-foundry
sdk-overview.md,bash,3,ai-foundry
sdk-overview.md,csharp,24,ai-foundry
semantic-kernel.md,bash,1,ai-foundry
semantic-kernel.md,bash,1,ai-foundry
semantic-kernel.md,bash,2,ai-foundry
semantic-kernel.md,python,3,ai-foundry
semantic-kernel.md,bash,1,ai-foundry
semantic-kernel.md,python,3,ai-foundry
semantic-kernel.md,python,13,ai-foundry
semantic-kernel.md,python,8,ai-foundry
semantic-kernel.md,python,10,ai-foundry
semantic-kernel.md,python,14,ai-foundry
semantic-kernel.md,python,8,ai-foundry
semantic-kernel.md,python,14,ai-foundry
semantic-kernel.md,python,3,ai-foundry
semantic-kernel.md,python,6,ai-foundry
simulator-interaction-data.md,python,1,ai-foundry
simulator-interaction-data.md,python,2,ai-foundry
simulator-interaction-data.md,python,29,ai-foundry
simulator-interaction-data.md,python,3,ai-foundry
simulator-interaction-data.md,python,7,ai-foundry
simulator-interaction-data.md,yaml,35,ai-foundry
simulator-interaction-data.md,python,62,ai-foundry
simulator-interaction-data.md,python,14,ai-foundry
simulator-interaction-data.md,python,22,ai-foundry
simulator-interaction-data.md,python,12,ai-foundry
simulator-interaction-data.md,python,23,ai-foundry
simulator-interaction-data.md,python,1,ai-foundry
simulator-interaction-data.md,python,16,ai-foundry
simulator-interaction-data.md,python,28,ai-foundry
simulator-interaction-data.md,python,33,ai-foundry
simulator-interaction-data.md,python,8,ai-foundry
simulator-interaction-data.md,python,7,ai-foundry
simulator-interaction-data.md,json,16,ai-foundry
simulator-interaction-data.md,json,24,ai-foundry
simulator-interaction-data.md,python,7,ai-foundry
simulator-interaction-data.md,python,5,ai-foundry
simulator-interaction-data.md,json,1,ai-foundry
trace-agents-sdk.md,bash,1,ai-foundry
trace-agents-sdk.md,bash,1,ai-foundry
trace-agents-sdk.md,python,2,ai-foundry
trace-agents-sdk.md,python,6,ai-foundry
trace-agents-sdk.md,python,4,ai-foundry
trace-agents-sdk.md,python,14,ai-foundry
trace-agents-sdk.md,bash,1,ai-foundry
trace-agents-sdk.md,python,12,ai-foundry
trace-agents-sdk.md,python,17,ai-foundry
trace-agents-sdk.md,python,13,ai-foundry
trace-agents-sdk.md,sql,1,ai-foundry
trace-agents-sdk.md,bash,1,ai-foundry
trace-application.md,console,1,ai-foundry
trace-application.md,python,3,ai-foundry
trace-application.md,python,9,ai-foundry
trace-application.md,python,3,ai-foundry
trace-application.md,python,8,ai-foundry
trace-application.md,python,3,ai-foundry
trace-application.md,python,24,ai-foundry
trace-application.md,python,15,ai-foundry
trace-application.md,python,3,ai-foundry
trace-application.md,python,8,ai-foundry
trace-application.md,python,6,ai-foundry
trace-application.md,console,39,ai-foundry
trace-production-sdk.md,yaml,1,ai-foundry
trace-production-sdk.md,yaml,2,ai-foundry
trace-production-sdk.md,python,63,ai-foundry
vs-code-agents.md,yml,19,ai-foundry
get-started-deepseek-r1.md,python,15,ai-foundry
get-started-deepseek-r1.md,console,8,ai-foundry
code-create-chat-client-entra.md,bash,1,ai-foundry
code-create-chat-client-entra.md,python,9,ai-foundry
code-create-chat-client-entra.md,bash,1,ai-foundry
code-create-chat-client-entra.md,javascript,11,ai-foundry
code-create-chat-client-entra.md,dotnetcli,1,ai-foundry
code-create-chat-client-entra.md,dotnetcli,1,ai-foundry
code-create-chat-client-entra.md,csharp,3,ai-foundry
code-create-chat-client-entra.md,csharp,10,ai-foundry
code-create-chat-client-entra.md,xml,10,ai-foundry
code-create-chat-client-entra.md,java,5,ai-foundry
code-create-chat-client-entra.md,HTTP/1.1,3,ai-foundry
code-create-chat-client-entra.md,azurecli,1,ai-foundry
code-create-chat-client.md,bash,1,ai-foundry
code-create-chat-client.md,python,8,ai-foundry
code-create-chat-client.md,bash,1,ai-foundry
code-create-chat-client.md,javascript,8,ai-foundry
code-create-chat-client.md,dotnetcli,1,ai-foundry
code-create-chat-client.md,csharp,3,ai-foundry
code-create-chat-client.md,csharp,4,ai-foundry
code-create-chat-client.md,xml,5,ai-foundry
code-create-chat-client.md,java,4,ai-foundry
code-create-chat-client.md,HTTP/1.1,3,ai-foundry
code-create-chat-completion.md,python,11,ai-foundry
code-create-chat-completion.md,javascript,13,ai-foundry
code-create-chat-completion.md,csharp,11,ai-foundry
code-create-chat-completion.md,java,10,ai-foundry
code-create-chat-completion.md,HTTP/1.1,3,ai-foundry
code-create-chat-completion.md,JSON,13,ai-foundry
code-create-chat-reasoning.md,python,10,ai-foundry
code-create-chat-reasoning.md,javascript,12,ai-foundry
code-create-chat-reasoning.md,csharp,10,ai-foundry
code-create-chat-reasoning.md,java,9,ai-foundry
code-create-chat-reasoning.md,HTTP/1.1,3,ai-foundry
code-create-chat-reasoning.md,JSON,9,ai-foundry
code-create-embeddings-client.md,bash,1,ai-foundry
code-create-embeddings-client.md,python,8,ai-foundry
code-create-embeddings-client.md,python,8,ai-foundry
code-create-embeddings-client.md,bash,1,ai-foundry
code-create-embeddings-client.md,javascript,8,ai-foundry
code-create-embeddings-client.md,javascript,8,ai-foundry
code-create-embeddings-client.md,dotnetcli,1,ai-foundry
code-create-embeddings-client.md,dotnetcli,1,ai-foundry
code-create-embeddings-client.md,csharp,3,ai-foundry
code-create-embeddings-client.md,csharp,4,ai-foundry
code-create-embeddings-client.md,csharp,4,ai-foundry
code-create-embeddings-client.md,HTTP/1.1,3,ai-foundry
code-create-embeddings.md,python,8,ai-foundry
code-create-embeddings.md,javascript,8,ai-foundry
code-create-embeddings.md,csharp,10,ai-foundry
code-create-embeddings.md,HTTP/1.1,3,ai-foundry
code-create-embeddings.md,JSON,6,ai-foundry
code-create-embeddings.md,json,28,ai-foundry
code-create-openai-chat-completion.md,python,9,ai-foundry
code-create-openai-chat-completion.md,javascript,8,ai-foundry
code-create-openai-chat-completion.md,csharp,7,ai-foundry
code-create-openai-chat-completion.md,java,14,ai-foundry
code-create-openai-chat-completion.md,HTTP/1.1,3,ai-foundry
code-create-openai-chat-completion.md,JSON,12,ai-foundry
code-create-openai-client.md,bash,1,ai-foundry
code-create-openai-client.md,python,8,ai-foundry
code-create-openai-client.md,bash,1,ai-foundry
code-create-openai-client.md,javascript,12,ai-foundry
code-create-openai-client.md,dotnetcli,1,ai-foundry
code-create-openai-client.md,csharp,4,ai-foundry
code-create-openai-client.md,xml,5,ai-foundry
code-create-openai-client.md,java,4,ai-foundry
code-create-openai-client.md,HTTP/1.1,3,ai-foundry
code-manage-content-filtering.md,python,22,ai-foundry
code-manage-content-filtering.md,javascript,26,ai-foundry
code-manage-content-filtering.md,csharp,26,ai-foundry
code-manage-content-filtering.md,java,14,ai-foundry
code-manage-content-filtering.md,HTTP/1.1,3,ai-foundry
code-manage-content-filtering.md,JSON,14,ai-foundry
code-manage-content-filtering.md,JSON,7,ai-foundry
how-to-prerequisites-csharp.md,bash,1,ai-foundry
how-to-prerequisites-csharp.md,bash,1,ai-foundry
how-to-prerequisites-java.md,xml,5,ai-foundry
how-to-prerequisites-java.md,xml,5,ai-foundry
how-to-prerequisites-java.md,java,14,ai-foundry
how-to-prerequisites-javascript.md,bash,3,ai-foundry
how-to-prerequisites-javascript.md,json,13,ai-foundry
how-to-prerequisites-javascript.md,javascript,5,ai-foundry
how-to-prerequisites-openai-python.md,bash,1,ai-foundry
how-to-prerequisites-openai-python.md,bash,1,ai-foundry
how-to-prerequisites-python.md,bash,1,ai-foundry
javascript.md,javascript,4,ai-foundry
javascript.md,javascript,14,ai-foundry
javascript.md,output,28,ai-foundry
javascript.md,json,25,ai-foundry
javascript.md,javascript,4,ai-foundry
javascript.md,javascript,29,ai-foundry
javascript.md,javascript,4,ai-foundry
javascript.md,output,6,ai-foundry
javascript.md,json,71,ai-foundry
javascript.md,javascript,4,ai-foundry
javascript.md,javascript,19,ai-foundry
javascript.md,javascript,36,ai-foundry
javascript.md,javascript,4,ai-foundry
javascript.md,output,30,ai-foundry
python.md,python,11,ai-foundry
python.md,python,5,ai-foundry
python.md,output,28,ai-foundry
python.md,json,25,ai-foundry
python.md,python,2,ai-foundry
python.md,python,21,ai-foundry
python.md,python,2,ai-foundry
python.md,output,6,ai-foundry
python.md,python,8,ai-foundry
python.md,python,1,ai-foundry
python.md,python,21,ai-foundry
python.md,python,2,ai-foundry
python.md,output,6,ai-foundry
python.md,python,6,ai-foundry
python.md,python,8,ai-foundry
python.md,python,13,ai-foundry
python.md,python,9,ai-foundry
python.md,python,14,ai-foundry
python.md,python,6,ai-foundry
python.md,python,17,ai-foundry
python.md,python,5,ai-foundry
python.md,output,30,ai-foundry
python.md,python,25,ai-foundry
rest.md,output,28,ai-foundry
rest.md,json,25,ai-foundry
rest.md,http,3,ai-foundry
rest.md,json,44,ai-foundry
rest.md,json,28,ai-foundry
rest.md,json,71,ai-foundry
rest.md,http,3,ai-foundry
rest.md,json,98,ai-foundry
rest.md,json,52,ai-foundry
csharp.md,csharp,4,ai-foundry
csharp.md,csharp,11,ai-foundry
csharp.md,csharp,12,ai-foundry
csharp.md,csharp,5,ai-foundry
csharp.md,csharp,13,ai-foundry
csharp.md,csharp,8,ai-foundry
csharp.md,csharp,8,ai-foundry
javascript.md,javascript,4,ai-foundry
javascript.md,javascript,7,ai-foundry
javascript.md,javascript,10,ai-foundry
javascript.md,javascript,7,ai-foundry
javascript.md,javascript,15,ai-foundry
javascript.md,javascript,7,ai-foundry
javascript.md,javascript,7,ai-foundry
python.md,python,9,ai-foundry
python.md,python,9,ai-foundry
python.md,python,6,ai-foundry
python.md,python,7,ai-foundry
python.md,python,5,ai-foundry
python.md,python,6,ai-foundry
python.md,python,6,ai-foundry
rest.md,http,3,ai-foundry
rest.md,http,3,ai-foundry
rest.md,json,8,ai-foundry
rest.md,json,23,ai-foundry
rest.md,json,9,ai-foundry
rest.md,json,9,ai-foundry
rest.md,json,9,ai-foundry
csharp.md,csharp,4,ai-foundry
csharp.md,csharp,11,ai-foundry
csharp.md,csharp,9,ai-foundry
csharp.md,csharp,5,ai-foundry
csharp.md,csharp,10,ai-foundry
csharp.md,csharp,11,ai-foundry
csharp.md,csharp,11,ai-foundry
java.md,java,11,ai-foundry
java.md,java,5,ai-foundry
java.md,java,5,ai-foundry
java.md,java,4,ai-foundry
java.md,java,5,ai-foundry
java.md,java,7,ai-foundry
java.md,java,4,ai-foundry
java.md,java,4,ai-foundry
javascript.md,javascript,4,ai-foundry
javascript.md,javascript,7,ai-foundry
javascript.md,javascript,6,ai-foundry
javascript.md,javascript,7,ai-foundry
javascript.md,javascript,9,ai-foundry
javascript.md,javascript,7,ai-foundry
javascript.md,javascript,7,ai-foundry
javascript.md,javascript,7,ai-foundry
javascript.md,javascript,7,ai-foundry
python.md,python,9,ai-foundry
python.md,python,9,ai-foundry
python.md,python,3,ai-foundry
python.md,python,7,ai-foundry
python.md,python,6,ai-foundry
python.md,python,7,ai-foundry
python.md,python,4,ai-foundry
python.md,python,6,ai-foundry
python.md,python,6,ai-foundry
rest.md,http,3,ai-foundry
rest.md,http,3,ai-foundry
rest.md,json,6,ai-foundry
rest.md,json,23,ai-foundry
rest.md,json,7,ai-foundry
rest.md,json,34,ai-foundry
rest.md,json,7,ai-foundry
rest.md,json,7,ai-foundry
rest.md,json,7,ai-foundry
csharp.md,csharp,7,ai-foundry
csharp.md,csharp,10,ai-foundry
csharp.md,csharp,9,ai-foundry
csharp.md,csharp,6,ai-foundry
csharp.md,console,6,ai-foundry
csharp.md,csharp,17,ai-foundry
csharp.md,console,8,ai-foundry
csharp.md,csharp,15,ai-foundry
csharp.md,csharp,27,ai-foundry
csharp.md,csharp,1,ai-foundry
csharp.md,csharp,27,ai-foundry
java.md,java,3,ai-foundry
java.md,java,4,ai-foundry
java.md,java,7,ai-foundry
java.md,java,6,ai-foundry
java.md,console,6,ai-foundry
java.md,java,17,ai-foundry
java.md,console,8,ai-foundry
java.md,java,14,ai-foundry
java.md,java,21,ai-foundry
java.md,csharp,5,ai-foundry
javascript.md,javascript,4,ai-foundry
javascript.md,javascript,7,ai-foundry
javascript.md,javascript,10,ai-foundry
javascript.md,javascript,10,ai-foundry
javascript.md,console,6,ai-foundry
javascript.md,javascript,16,ai-foundry
javascript.md,console,8,ai-foundry
javascript.md,javascript,11,ai-foundry
javascript.md,javascript,22,ai-foundry
javascript.md,javascript,2,ai-foundry
javascript.md,javascript,27,ai-foundry
python.md,python,8,ai-foundry
python.md,python,9,ai-foundry
python.md,python,13,ai-foundry
python.md,python,10,ai-foundry
python.md,python,6,ai-foundry
python.md,python,7,ai-foundry
python.md,python,6,ai-foundry
python.md,console,6,ai-foundry
python.md,python,6,ai-foundry
python.md,console,6,ai-foundry
python.md,python,1,ai-foundry
python.md,console,1,ai-foundry
python.md,python,8,ai-foundry
python.md,console,1,ai-foundry
python.md,python,7,ai-foundry
python.md,python,8,ai-foundry
python.md,python,19,ai-foundry
python.md,python,16,ai-foundry
python.md,python,1,ai-foundry
python.md,python,18,ai-foundry
python.md,python,20,ai-foundry
rest.md,http,3,ai-foundry
rest.md,http,3,ai-foundry
rest.md,http,3,ai-foundry
rest.md,http,3,ai-foundry
rest.md,json,9,ai-foundry
rest.md,json,23,ai-foundry
rest.md,json,22,ai-foundry
rest.md,json,11,ai-foundry
rest.md,json,18,ai-foundry
rest.md,json,17,ai-foundry
rest.md,json,22,ai-foundry
rest.md,json,21,ai-foundry
rest.md,json,9,ai-foundry
rest.md,json,9,ai-foundry
csharp.md,csharp,4,ai-foundry
csharp.md,csharp,4,ai-foundry
csharp.md,csharp,7,ai-foundry
csharp.md,csharp,15,ai-foundry
csharp.md,csharp,6,ai-foundry
csharp.md,console,6,ai-foundry
csharp.md,csharp,12,ai-foundry
csharp.md,csharp,6,ai-foundry
csharp.md,console,6,ai-foundry
csharp.md,csharp,12,ai-foundry
csharp.md,csharp,6,ai-foundry
csharp.md,console,6,ai-foundry
java.md,java,4,ai-foundry
java.md,java,5,ai-foundry
java.md,java,2,ai-foundry
java.md,java,12,ai-foundry
java.md,java,6,ai-foundry
java.md,java,15,ai-foundry
javascript.md,javascript,4,ai-foundry
javascript.md,javascript,7,ai-foundry
javascript.md,javascript,7,ai-foundry
javascript.md,javascript,3,ai-foundry
javascript.md,javascript,20,ai-foundry
javascript.md,javascript,6,ai-foundry
javascript.md,console,6,ai-foundry
javascript.md,javascript,17,ai-foundry
javascript.md,javascript,27,ai-foundry
javascript.md,javascript,10,ai-foundry
javascript.md,console,6,ai-foundry
javascript.md,javascript,22,ai-foundry
python.md,python,9,ai-foundry
python.md,python,9,ai-foundry
python.md,python,6,ai-foundry
python.md,python,12,ai-foundry
python.md,python,6,ai-foundry
python.md,console,6,ai-foundry
python.md,python,15,ai-foundry
python.md,python,24,ai-foundry
python.md,python,6,ai-foundry
python.md,console,6,ai-foundry
python.md,python,25,ai-foundry
rest.md,http,3,ai-foundry
rest.md,http,3,ai-foundry
rest.md,json,23,ai-foundry
rest.md,json,23,ai-foundry
rest.md,json,25,ai-foundry
rest.md,json,23,ai-foundry
rest.md,json,24,ai-foundry
rest.md,json,23,ai-foundry
csharp.md,csharp,4,ai-foundry
csharp.md,csharp,4,ai-foundry
csharp.md,csharp,10,ai-foundry
csharp.md,csharp,6,ai-foundry
csharp.md,console,6,ai-foundry
csharp.md,csharp,16,ai-foundry
csharp.md,csharp,14,ai-foundry
csharp.md,csharp,1,ai-foundry
csharp.md,csharp,18,ai-foundry
csharp.md,csharp,17,ai-foundry
csharp.md,csharp,12,ai-foundry
csharp.md,csharp,25,ai-foundry
csharp.md,csharp,8,ai-foundry
csharp.md,csharp,14,ai-foundry
csharp.md,csharp,5,ai-foundry
csharp.md,csharp,1,ai-foundry
csharp.md,csharp,26,ai-foundry
csharp.md,csharp,1,ai-foundry
csharp.md,csharp,27,ai-foundry
java.md,java,4,ai-foundry
java.md,java,5,ai-foundry
java.md,java,5,ai-foundry
java.md,java,7,ai-foundry
java.md,console,6,ai-foundry
java.md,java,18,ai-foundry
javascript.md,javascript,4,ai-foundry
javascript.md,javascript,7,ai-foundry
javascript.md,javascript,11,ai-foundry
javascript.md,javascript,10,ai-foundry
javascript.md,console,6,ai-foundry
javascript.md,javascript,12,ai-foundry
javascript.md,javascript,20,ai-foundry
javascript.md,javascript,18,ai-foundry
javascript.md,javascript,13,ai-foundry
javascript.md,javascript,15,ai-foundry
javascript.md,javascript,25,ai-foundry
javascript.md,javascript,5,ai-foundry
javascript.md,javascript,8,ai-foundry
javascript.md,javascript,5,ai-foundry
javascript.md,javascript,1,ai-foundry
javascript.md,javascript,26,ai-foundry
javascript.md,javascript,6,ai-foundry
javascript.md,javascript,26,ai-foundry
python.md,python,9,ai-foundry
python.md,python,9,ai-foundry
python.md,python,8,ai-foundry
python.md,python,6,ai-foundry
python.md,console,6,ai-foundry
python.md,python,10,ai-foundry
python.md,python,8,ai-foundry
python.md,python,1,ai-foundry
python.md,python,15,ai-foundry
python.md,python,8,ai-foundry
python.md,python,9,ai-foundry
python.md,python,24,ai-foundry
python.md,python,4,ai-foundry
python.md,python,14,ai-foundry
python.md,python,5,ai-foundry
python.md,python,3,ai-foundry
python.md,python,32,ai-foundry
python.md,python,4,ai-foundry
python.md,python,20,ai-foundry
rest.md,http,3,ai-foundry
rest.md,http,3,ai-foundry
rest.md,json,13,ai-foundry
rest.md,json,23,ai-foundry
rest.md,json,17,ai-foundry
rest.md,json,17,ai-foundry
rest.md,json,21,ai-foundry
rest.md,json,20,ai-foundry
rest.md,json,23,ai-foundry
rest.md,json,14,ai-foundry
rest.md,json,23,ai-foundry
rest.md,http,4,ai-foundry
rest.md,json,14,ai-foundry
rest.md,json,24,ai-foundry
rest.md,json,40,ai-foundry
rest.md,json,33,ai-foundry
rest.md,json,57,ai-foundry
rest.md,json,13,ai-foundry
rest.md,json,9,ai-foundry
bicep.md,azurecli,1,ai-foundry
bicep.md,azurecli,1,ai-foundry
bicep.md,azurecli,1,ai-foundry
bicep.md,azurecli,1,ai-foundry
bicep.md,azurecli,5,ai-foundry
bicep.md,azurecli,5,ai-foundry
bicep.md,azurecli,1,ai-foundry
bicep.md,azurecli,1,ai-foundry
bicep.md,azurecli,10,ai-foundry
cli.md,azurecli,1,ai-foundry
cli.md,azurecli,1,ai-foundry
cli.md,azurecli,1,ai-foundry
cli.md,azurecli,3,ai-foundry
cli.md,azurecli,1,ai-foundry
cli.md,azurecli,4,ai-foundry
cli.md,output,7,ai-foundry
cli.md,azurecli,9,ai-foundry
cli.md,azurecli,1,ai-foundry
cli.md,azurecli,1,ai-foundry
cli.md,azurecli,1,ai-foundry
cli.md,azurecli,4,ai-foundry
cli.md,azurecli,4,ai-foundry
bicep.md,azurecli,10,ai-foundry
cli.md,azurecli,1,ai-foundry
cli.md,azurecli,1,ai-foundry
cli.md,azurecli,2,ai-foundry
cli.md,yml,4,ai-foundry
cli.md,azurecli,1,ai-foundry
bicep.md,azurecli,1,ai-foundry
bicep.md,azurecli,1,ai-foundry
bicep.md,azurecli,1,ai-foundry
bicep.md,azurecli,1,ai-foundry
bicep.md,azurecli,7,ai-foundry
cli.md,azurecli,1,ai-foundry
cli.md,azurecli,1,ai-foundry
cli.md,azurecli,2,ai-foundry
cli.md,azurecli,1,ai-foundry
cli.md,azurecli,1,ai-foundry
cli.md,azurecli,1,ai-foundry
cli.md,azurecli,1,ai-foundry
cli.md,azurecli,1,ai-foundry
intro.md,json,9,ai-foundry
bicep.md,bicep,29,ai-foundry
bicep.md,azurecli,11,ai-foundry
configure-deployment-policies.md,json,31,ai-foundry
configure-deployment-policies.md,json,20,ai-foundry
monitor-models.md,kusto,3,ai-foundry
content-filter.md,json,5,ai-foundry
content-filter.md,json,15,ai-foundry
content-filter.md,json,5,ai-foundry
content-filter.md,json,20,ai-foundry
content-filter.md,json,3,ai-foundry
content-filter.md,json,7,ai-foundry
content-filter.md,json,5,ai-foundry
content-filter.md,json,14,ai-foundry
content-filter.md,json,5,ai-foundry
content-filter.md,json,14,ai-foundry
content-filter.md,json,5,ai-foundry
content-filter.md,json,20,ai-foundry
get-started.md,bash,1,ai-foundry
get-started.md,bash,2,ai-foundry
get-started.md,bash,1,ai-foundry
get-started.md,text,1,ai-foundry
get-started.md,bash,1,ai-foundry
get-started.md,bash,1,ai-foundry
get-started.md,bash,1,ai-foundry
get-started.md,bash,1,ai-foundry
get-started.md,bash,1,ai-foundry
get-started.md,bash,1,ai-foundry
get-started.md,bash,1,ai-foundry
get-started.md,bash,1,ai-foundry
get-started.md,bash,3,ai-foundry
reference-best-practice.md,bash,1,ai-foundry
reference-catalog-api.md,bash,47,ai-foundry
reference-catalog-api.md,json,104,ai-foundry
reference-cli.md,bash,1,ai-foundry
reference-rest.md,json,22,ai-foundry
reference-rest.md,json,21,ai-foundry
reference-rest.md,json,4,ai-foundry
reference-rest.md,json,15,ai-foundry
reference-rest.md,json,5,ai-foundry
reference-rest.md,json,1,ai-foundry
reference-rest.md,,1,ai-foundry
reference-rest.md,,1,ai-foundry
reference-rest.md,json,1,ai-foundry
reference-rest.md,,1,ai-foundry
reference-rest.md,,1,ai-foundry
reference-rest.md,json,14,ai-foundry
reference-rest.md,,6,ai-foundry
reference-rest.md,json,4,ai-foundry
reference-rest.md,json,5,ai-foundry
reference-rest.md,json,13,ai-foundry
reference-rest.md,json,3,ai-foundry
javascript.md,bash,2,ai-foundry
javascript.md,javascript,59,ai-foundry
javascript.md,bash,1,ai-foundry
python.md,bash,2,ai-foundry
python.md,python,48,ai-foundry
python.md,bash,1,ai-foundry
csharp.md,bash,1,ai-foundry
csharp.md,csharp,1,ai-foundry
csharp.md,csharp,1,ai-foundry
csharp.md,csharp,1,ai-foundry
csharp.md,csharp,1,ai-foundry
csharp.md,csharp,1,ai-foundry
csharp.md,csharp,1,ai-foundry
csharp.md,csharp,1,ai-foundry
csharp.md,csharp,1,ai-foundry
csharp.md,csharp,1,ai-foundry
csharp.md,csharp,1,ai-foundry
csharp.md,csharp,4,ai-foundry
csharp.md,csharp,1,ai-foundry
csharp.md,csharp,1,ai-foundry
csharp.md,csharp,1,ai-foundry
csharp.md,csharp,3,ai-foundry
csharp.md,csharp,16,ai-foundry
javascript.md,bash,1,ai-foundry
javascript.md,js,3,ai-foundry
javascript.md,js,33,ai-foundry
javascript.md,bash,1,ai-foundry
javascript.md,js,38,ai-foundry
javascript.md,js,11,ai-foundry
javascript.md,js,29,ai-foundry
python.md,bash,1,ai-foundry
python.md,python,4,ai-foundry
python.md,python,28,ai-foundry
python.md,bash,1,ai-foundry
python.md,python,30,ai-foundry
rust.md,toml,2,ai-foundry
rust.md,bash,1,ai-foundry
csharp.md,bash,2,ai-foundry
csharp.md,bash,2,ai-foundry
csharp.md,csharp,29,ai-foundry
csharp.md,bash,1,ai-foundry
javascript.md,bash,2,ai-foundry
javascript.md,javascript,38,ai-foundry
javascript.md,bash,1,ai-foundry
javascript.md,javascript,38,ai-foundry
javascript.md,bash,1,ai-foundry
javascript.md,javascript,36,ai-foundry
javascript.md,javascript,63,ai-foundry
python.md,bash,2,ai-foundry
python.md,python,22,ai-foundry
python.md,bash,1,ai-foundry
python.md,python,30,ai-foundry
python.md,bash,1,ai-foundry
python.md,python,28,ai-foundry
rust.md,bash,2,ai-foundry
rust.md,bash,3,ai-foundry
rust.md,rust,30,ai-foundry
rust.md,bash,1,ai-foundry
how-to-chat-application-with-open-web-ui.md,bash,1,ai-foundry
how-to-compile-hugging-face-models.md,bash,1,ai-foundry
how-to-compile-hugging-face-models.md,powershell,1,ai-foundry
how-to-compile-hugging-face-models.md,bash,1,ai-foundry
how-to-compile-hugging-face-models.md,powershell,1,ai-foundry
how-to-compile-hugging-face-models.md,bash,9,ai-foundry
how-to-compile-hugging-face-models.md,powershell,9,ai-foundry
how-to-compile-hugging-face-models.md,bash,2,ai-foundry
how-to-compile-hugging-face-models.md,powershell,2,ai-foundry
how-to-compile-hugging-face-models.md,json,7,ai-foundry
how-to-compile-hugging-face-models.md,python,29,ai-foundry
how-to-compile-hugging-face-models.md,bash,1,ai-foundry
how-to-compile-hugging-face-models.md,bash,2,ai-foundry
how-to-compile-hugging-face-models.md,powershell,2,ai-foundry
how-to-compile-hugging-face-models.md,bash,1,ai-foundry
how-to-compile-hugging-face-models.md,powershell,1,ai-foundry
how-to-compile-hugging-face-models.md,bash,2,ai-foundry
how-to-compile-hugging-face-models.md,python,28,ai-foundry
how-to-compile-hugging-face-models.md,bash,1,ai-foundry
encryption-keys-portal.md,azurecli,4,ai-foundry
encryption-keys-portal.md,azurecli,3,ai-foundry
rbac-azure-ai-foundry.md,json,30,ai-foundry
rbac-azure-ai-foundry.md,json,32,ai-foundry
rbac-azure-ai-foundry.md,json,41,ai-foundry
rbac-azure-ai-foundry.md,azurecli,1,ai-foundry
rbac-azure-ai-foundry.md,json,48,ai-foundry
rbac-azure-ai-foundry.md,bash,1,ai-foundry
rbac-azure-ai-foundry.md,azurecli,1,ai-foundry
rbac-azure-ai-foundry.md,python,3,ai-foundry
rbac-azure-ai-foundry.md,json,30,ai-foundry
rbac-azure-ai-foundry.md,azurecli-interactive,1,ai-foundry
rbac-azure-ai-foundry.md,json,45,ai-foundry
rbac-azure-ai-foundry.md,json,37,ai-foundry
rbac-azure-ai-foundry.md,json,48,ai-foundry
vulnerability-management.md,bash,1,ai-foundry
vulnerability-management.md,bash,1,ai-foundry
vulnerability-management.md,bash,1,ai-foundry
agent-evaluators.md,python,11,ai-foundry
agent-evaluators.md,python,8,ai-foundry
agent-evaluators.md,python,16,ai-foundry
agent-evaluators.md,python,30,ai-foundry
agent-evaluators.md,python,27,ai-foundry
agent-evaluators.md,python,7,ai-foundry
agent-evaluators.md,python,6,ai-foundry
azure-openai-graders.md,python,11,ai-foundry
azure-openai-graders.md,jsonl,27,ai-foundry
azure-openai-graders.md,python,21,ai-foundry
azure-openai-graders.md,python,10,ai-foundry
azure-openai-graders.md,python,1,ai-foundry
azure-openai-graders.md,python,17,ai-foundry
azure-openai-graders.md,python,3,ai-foundry
azure-openai-graders.md,python,1,ai-foundry
azure-openai-graders.md,python,19,ai-foundry
azure-openai-graders.md,python,3,ai-foundry
azure-openai-graders.md,python,1,ai-foundry
azure-openai-graders.md,python,24,ai-foundry
azure-openai-graders.md,python,3,ai-foundry
azure-openai-graders.md,python,1,ai-foundry
custom-evaluators.md,python,6,ai-foundry
custom-evaluators.md,python,4,ai-foundry
custom-evaluators.md,python,1,ai-foundry
custom-evaluators.md,markdown,50,ai-foundry
custom-evaluators.md,python,19,ai-foundry
custom-evaluators.md,python,5,ai-foundry
custom-evaluators.md,python,4,ai-foundry
general-purpose-evaluators.md,python,11,ai-foundry
general-purpose-evaluators.md,python,7,ai-foundry
general-purpose-evaluators.md,python,7,ai-foundry
general-purpose-evaluators.md,python,6,ai-foundry
general-purpose-evaluators.md,python,7,ai-foundry
general-purpose-evaluators.md,python,9,ai-foundry
general-purpose-evaluators.md,python,29,ai-foundry
rag-evaluators.md,python,11,ai-foundry
rag-evaluators.md,python,7,ai-foundry
rag-evaluators.md,python,7,ai-foundry
rag-evaluators.md,python,67,ai-foundry
rag-evaluators.md,python,19,ai-foundry
rag-evaluators.md,python,8,ai-foundry
rag-evaluators.md,python,7,ai-foundry
rag-evaluators.md,python,20,ai-foundry
rag-evaluators.md,python,4,ai-foundry
rag-evaluators.md,python,7,ai-foundry
rag-evaluators.md,python,7,ai-foundry
rag-evaluators.md,python,7,ai-foundry
rag-evaluators.md,python,6,ai-foundry
risk-safety-evaluators.md,python,14,ai-foundry
risk-safety-evaluators.md,python,7,ai-foundry
risk-safety-evaluators.md,json,7,ai-foundry
risk-safety-evaluators.md,python,8,ai-foundry
risk-safety-evaluators.md,json,7,ai-foundry
risk-safety-evaluators.md,python,8,ai-foundry
risk-safety-evaluators.md,json,7,ai-foundry
risk-safety-evaluators.md,python,8,ai-foundry
risk-safety-evaluators.md,json,7,ai-foundry
risk-safety-evaluators.md,python,8,ai-foundry
risk-safety-evaluators.md,json,22,ai-foundry
risk-safety-evaluators.md,python,8,ai-foundry
risk-safety-evaluators.md,json,4,ai-foundry
risk-safety-evaluators.md,python,9,ai-foundry
risk-safety-evaluators.md,python,9,ai-foundry
risk-safety-evaluators.md,json,7,ai-foundry
risk-safety-evaluators.md,python,8,ai-foundry
risk-safety-evaluators.md,json,25,ai-foundry
risk-safety-evaluators.md,python,9,ai-foundry
risk-safety-evaluators.md,json,9,ai-foundry
textual-similarity-evaluators.md,python,11,ai-foundry
textual-similarity-evaluators.md,python,8,ai-foundry
textual-similarity-evaluators.md,python,6,ai-foundry
textual-similarity-evaluators.md,python,7,ai-foundry
textual-similarity-evaluators.md,python,5,ai-foundry
textual-similarity-evaluators.md,python,7,ai-foundry
textual-similarity-evaluators.md,python,5,ai-foundry
textual-similarity-evaluators.md,python,7,ai-foundry
textual-similarity-evaluators.md,python,5,ai-foundry
textual-similarity-evaluators.md,python,7,ai-foundry
textual-similarity-evaluators.md,python,11,ai-foundry
textual-similarity-evaluators.md,python,7,ai-foundry
textual-similarity-evaluators.md,python,5,ai-foundry
quickstart-csharp.md,console,1,ai-foundry
quickstart-csharp.md,console,2,ai-foundry
quickstart-csharp.md,azurecli,1,ai-foundry
quickstart-csharp.md,csharp,86,ai-foundry
quickstart-java.md,xml,12,ai-foundry
quickstart-java.md,azurecli,1,ai-foundry
quickstart-java.md,java,108,ai-foundry
quickstart-python.md,console,2,ai-foundry
quickstart-python.md,azurecli,1,ai-foundry
quickstart-python.md,python,66,ai-foundry
quickstart-rest.md,azurecli,1,ai-foundry
quickstart-rest.md,azurecli,1,ai-foundry
quickstart-rest.md,console,10,ai-foundry
quickstart-rest.md,console,5,ai-foundry
quickstart-rest.md,console,8,ai-foundry
quickstart-rest.md,console,7,ai-foundry
quickstart-rest.md,console,3,ai-foundry
quickstart-rest.md,console,3,ai-foundry
quickstart-typescript.md,console,1,ai-foundry
quickstart-typescript.md,console,2,ai-foundry
quickstart-typescript.md,azurecli,1,ai-foundry
quickstart-typescript.md,typescript,179,ai-foundry
connected-agents.md,csharp,4,ai-foundry
connected-agents.md,csharp,16,ai-foundry
connected-agents.md,csharp,23,ai-foundry
connected-agents.md,csharp,32,ai-foundry
connected-agents.md,csharp,3,ai-foundry
connected-agents.md,python,10,ai-foundry
connected-agents.md,python,6,ai-foundry
connected-agents.md,python,3,ai-foundry
connected-agents.md,python,8,ai-foundry
connected-agents.md,python,11,ai-foundry
connected-agents.md,python,15,ai-foundry
connected-agents.md,python,9,ai-foundry
triggers.md,json,16,ai-foundry
use-your-own-resources.md,console,9,ai-foundry
use-your-own-resources.md,console,1,ai-foundry
use-your-own-resources.md,console,1,ai-foundry
use-your-own-resources.md,console,1,ai-foundry
use-your-own-resources.md,console,2,ai-foundry
use-your-own-resources.md,az login```,2,ai-foundry
use-your-own-resources.md,,1,ai-foundry
use-your-own-resources.md,console,1,ai-foundry
use-your-own-resources.md,console,1,ai-foundry
use-your-own-resources.md,az login```,2,ai-foundry
use-your-own-resources.md,,1,ai-foundry
virtual-networks.md,console,10,ai-foundry
azure-ai-search-samples.md,python,12,ai-foundry
azure-ai-search-samples.md,python,17,ai-foundry
azure-ai-search-samples.md,python,12,ai-foundry
azure-ai-search-samples.md,python,26,ai-foundry
azure-ai-search-samples.md,python,3,ai-foundry
azure-ai-search-samples.md,csharp,19,ai-foundry
azure-ai-search-samples.md,csharp,10,ai-foundry
azure-ai-search-samples.md,csharp,9,ai-foundry
azure-ai-search-samples.md,csharp,10,ai-foundry
azure-ai-search-samples.md,csharp,58,ai-foundry
azure-ai-search-samples.md,csharp,27,ai-foundry
azure-ai-search-samples.md,csharp,4,ai-foundry
azure-ai-search-samples.md,javascript,7,ai-foundry
azure-ai-search-samples.md,javascript,10,ai-foundry
azure-ai-search-samples.md,javascript,8,ai-foundry
azure-ai-search-samples.md,javascript,64,ai-foundry
azure-ai-search-samples.md,bash,23,ai-foundry
azure-ai-search-samples.md,bash,5,ai-foundry
azure-ai-search-samples.md,bash,8,ai-foundry
azure-ai-search-samples.md,bash,7,ai-foundry
azure-ai-search-samples.md,bash,3,ai-foundry
azure-ai-search-samples.md,bash,3,ai-foundry
azure-ai-search-samples.md,java,133,ai-foundry
azure-ai-search.md,yml,4,ai-foundry
azure-ai-search.md,yml,3,ai-foundry
azure-ai-search.md,azurecli,1,ai-foundry
azure-ai-search.md,python,13,ai-foundry
azure-functions-samples.md,python,21,ai-foundry
azure-functions-samples.md,python,28,ai-foundry
azure-functions-samples.md,python,18,ai-foundry
azure-functions-samples.md,python,3,ai-foundry
azure-functions-samples.md,python,15,ai-foundry
azure-functions-samples.md,python,13,ai-foundry
azure-functions-samples.md,bash,41,ai-foundry
azure-functions-samples.md,bash,5,ai-foundry
azure-functions-samples.md,bash,8,ai-foundry
azure-functions-samples.md,bash,7,ai-foundry
azure-functions-samples.md,bash,3,ai-foundry
azure-functions-samples.md,bash,3,ai-foundry
azure-functions-samples.md,csharp,47,ai-foundry
azure-functions-samples.md,shell,3,ai-foundry
azure-functions-samples.md,shell,5,ai-foundry
azure-functions-samples.md,shell,1,ai-foundry
azure-functions-samples.md,json,4,ai-foundry
azure-functions-samples.md,json,4,ai-foundry
azure-functions-samples.md,csharp,67,ai-foundry
azure-functions-samples.md,csharp,6,ai-foundry
azure-functions-samples.md,csharp,10,ai-foundry
azure-functions-samples.md,csharp,17,ai-foundry
azure-functions-samples.md,csharp,2,ai-foundry
azure-functions-samples.md,java,154,ai-foundry
azure-functions.md,bash,1,ai-foundry
azure-functions.md,bash,1,ai-foundry
azure-functions.md,Powershell,1,ai-foundry
azure-functions.md,bash,1,ai-foundry
azure-functions.md,json,9,ai-foundry
azure-functions.md,shell,1,ai-foundry
azure-functions.md,shell,1,ai-foundry
bing-code-samples.md,python,14,ai-foundry
bing-code-samples.md,python,14,ai-foundry
bing-code-samples.md,python,11,ai-foundry
bing-code-samples.md,python,16,ai-foundry
bing-code-samples.md,python,18,ai-foundry
bing-code-samples.md,python,2,ai-foundry
bing-code-samples.md,csharp,10,ai-foundry
bing-code-samples.md,csharp,14,ai-foundry
bing-code-samples.md,csharp,9,ai-foundry
bing-code-samples.md,csharp,14,ai-foundry
bing-code-samples.md,csharp,37,ai-foundry
bing-code-samples.md,csharp,27,ai-foundry
bing-code-samples.md,csharp,3,ai-foundry
bing-code-samples.md,javascript,10,ai-foundry
bing-code-samples.md,javascript,12,ai-foundry
bing-code-samples.md,javascript,11,ai-foundry
bing-code-samples.md,javascript,30,ai-foundry
bing-code-samples.md,bash,25,ai-foundry
bing-code-samples.md,bash,5,ai-foundry
bing-code-samples.md,bash,8,ai-foundry
bing-code-samples.md,bash,7,ai-foundry
bing-code-samples.md,bash,3,ai-foundry
bing-code-samples.md,bash,3,ai-foundry
bing-code-samples.md,java,116,ai-foundry
bing-custom-search-samples.md,python,15,ai-foundry
bing-custom-search-samples.md,python,20,ai-foundry
bing-custom-search-samples.md,python,11,ai-foundry
bing-custom-search-samples.md,python,19,ai-foundry
bing-custom-search-samples.md,csharp,14,ai-foundry
bing-custom-search-samples.md,csharp,17,ai-foundry
bing-custom-search-samples.md,csharp,7,ai-foundry
bing-custom-search-samples.md,csharp,51,ai-foundry
bing-custom-search-samples.md,javascript,16,ai-foundry
bing-custom-search-samples.md,javascript,21,ai-foundry
bing-custom-search-samples.md,javascript,9,ai-foundry
bing-custom-search-samples.md,javascript,43,ai-foundry
bing-custom-search-samples.md,bash,26,ai-foundry
bing-custom-search-samples.md,bash,5,ai-foundry
bing-custom-search-samples.md,bash,8,ai-foundry
bing-custom-search-samples.md,bash,7,ai-foundry
bing-custom-search-samples.md,bash,3,ai-foundry
bing-custom-search-samples.md,bash,3,ai-foundry
bing-grounding.md,console,1,ai-foundry
bing-grounding.md,python,3,ai-foundry
browser-automation-samples.md,console,3,ai-foundry
browser-automation-samples.md,python,105,ai-foundry
code-interpreter-samples.md,python,15,ai-foundry
code-interpreter-samples.md,python,4,ai-foundry
code-interpreter-samples.md,python,1,ai-foundry
code-interpreter-samples.md,python,7,ai-foundry
code-interpreter-samples.md,python,6,ai-foundry
code-interpreter-samples.md,python,1,ai-foundry
code-interpreter-samples.md,python,14,ai-foundry
code-interpreter-samples.md,python,2,ai-foundry
code-interpreter-samples.md,csharp,22,ai-foundry
code-interpreter-samples.md,csharp,6,ai-foundry
code-interpreter-samples.md,csharp,13,ai-foundry
code-interpreter-samples.md,csharp,30,ai-foundry
code-interpreter-samples.md,csharp,2,ai-foundry
code-interpreter-samples.md,javascript,11,ai-foundry
code-interpreter-samples.md,javascript,8,ai-foundry
code-interpreter-samples.md,javascript,11,ai-foundry
code-interpreter-samples.md,javascript,90,ai-foundry
code-interpreter-samples.md,javascript,16,ai-foundry
code-interpreter-samples.md,bash,5,ai-foundry
code-interpreter-samples.md,bash,16,ai-foundry
code-interpreter-samples.md,bash,5,ai-foundry
code-interpreter-samples.md,bash,8,ai-foundry
code-interpreter-samples.md,bash,7,ai-foundry
code-interpreter-samples.md,bash,3,ai-foundry
code-interpreter-samples.md,bash,3,ai-foundry
code-interpreter-samples.md,java,134,ai-foundry
deep-research-samples.md,csharp,118,ai-foundry
deep-research-samples.md,typescript,208,ai-foundry
deep-research-samples.md,console,3,ai-foundry
deep-research-samples.md,console,1,ai-foundry
deep-research-samples.md,python,133,ai-foundry
fabric.md,python,13,ai-foundry
fabric.md,python,20,ai-foundry
fabric.md,python,11,ai-foundry
fabric.md,python,17,ai-foundry
fabric.md,csharp,19,ai-foundry
fabric.md,csharp,13,ai-foundry
fabric.md,csharp,8,ai-foundry
fabric.md,csharp,51,ai-foundry
fabric.md,csharp,5,ai-foundry
fabric.md,javascript,9,ai-foundry
fabric.md,javascript,11,ai-foundry
fabric.md,javascript,11,ai-foundry
fabric.md,javascript,29,ai-foundry
fabric.md,bash,21,ai-foundry
fabric.md,bash,5,ai-foundry
fabric.md,bash,8,ai-foundry
fabric.md,bash,7,ai-foundry
fabric.md,bash,3,ai-foundry
fabric.md,bash,3,ai-foundry
file-search-upload-files.md,python,12,ai-foundry
file-search-upload-files.md,python,12,ai-foundry
file-search-upload-files.md,python,14,ai-foundry
file-search-upload-files.md,python,11,ai-foundry
file-search-upload-files.md,python,29,ai-foundry
file-search-upload-files.md,csharp,20,ai-foundry
file-search-upload-files.md,csharp,25,ai-foundry
file-search-upload-files.md,csharp,11,ai-foundry
file-search-upload-files.md,csharp,11,ai-foundry
file-search-upload-files.md,csharp,14,ai-foundry
file-search-upload-files.md,csharp,54,ai-foundry
file-search-upload-files.md,csharp,6,ai-foundry
file-search-upload-files.md,javascript,11,ai-foundry
file-search-upload-files.md,javascript,14,ai-foundry
file-search-upload-files.md,javascript,11,ai-foundry
file-search-upload-files.md,javascript,11,ai-foundry
file-search-upload-files.md,javascript,28,ai-foundry
file-search-upload-files.md,bash,5,ai-foundry
file-search-upload-files.md,bash,7,ai-foundry
file-search-upload-files.md,bash,7,ai-foundry
file-search-upload-files.md,bash,11,ai-foundry
file-search-upload-files.md,bash,5,ai-foundry
file-search-upload-files.md,bash,8,ai-foundry
file-search-upload-files.md,bash,7,ai-foundry
file-search-upload-files.md,bash,3,ai-foundry
file-search-upload-files.md,bash,3,ai-foundry
file-search-upload-files.md,java,117,ai-foundry
file-search.md,python,11,ai-foundry
file-search.md,python,4,ai-foundry
file-search.md,python,8,ai-foundry
file-search.md,python,2,ai-foundry
file-search.md,python,8,ai-foundry
function-calling.md,python,91,ai-foundry
function-calling.md,csharp,248,ai-foundry
function-calling.md,,14,ai-foundry
function-calling.md,,4,ai-foundry
function-calling.md,,3,ai-foundry
function-calling.md,,3,ai-foundry
function-calling.md,,3,ai-foundry
function-calling.md,,3,ai-foundry
function-calling.md,,5,ai-foundry
logic-apps.md,python,9,ai-foundry
logic-apps.md,python,14,ai-foundry
logic-apps.md,python,22,ai-foundry
logic-apps.md,python,11,ai-foundry
logic-apps.md,python,11,ai-foundry
logic-apps.md,python,3,ai-foundry
model-context-protocol-samples.md,csharp,7,ai-foundry
model-context-protocol-samples.md,csharp,6,ai-foundry
model-context-protocol-samples.md,csharp,5,ai-foundry
model-context-protocol-samples.md,csharp,42,ai-foundry
model-context-protocol-samples.md,csharp,21,ai-foundry
model-context-protocol-samples.md,csharp,2,ai-foundry
model-context-protocol-samples.md,python,164,ai-foundry
model-context-protocol-samples.md,bash,17,ai-foundry
model-context-protocol-samples.md,bash,5,ai-foundry
model-context-protocol-samples.md,bash,8,ai-foundry
model-context-protocol-samples.md,bash,19,ai-foundry
model-context-protocol-samples.md,bash,3,ai-foundry
model-context-protocol-samples.md,bash,31,ai-foundry
model-context-protocol-samples.md,bash,14,ai-foundry
model-context-protocol-samples.md,bash,3,ai-foundry
openapi-spec-samples.md,python,19,ai-foundry
openapi-spec-samples.md,python,15,ai-foundry
openapi-spec-samples.md,python,8,ai-foundry
openapi-spec-samples.md,python,11,ai-foundry
openapi-spec-samples.md,python,24,ai-foundry
openapi-spec-samples.md,python,8,ai-foundry
openapi-spec-samples.md,javascript,10,ai-foundry
openapi-spec-samples.md,javascript,14,ai-foundry
openapi-spec-samples.md,javascript,10,ai-foundry
openapi-spec-samples.md,javascript,7,ai-foundry
openapi-spec-samples.md,javascript,28,ai-foundry
openapi-spec-samples.md,csharp,28,ai-foundry
openapi-spec-samples.md,csharp,6,ai-foundry
openapi-spec-samples.md,csharp,20,ai-foundry
openapi-spec-samples.md,csharp,16,ai-foundry
openapi-spec-samples.md,csharp,2,ai-foundry
openapi-spec-samples.md,bash,78,ai-foundry
openapi-spec-samples.md,bash,5,ai-foundry
openapi-spec-samples.md,bash,8,ai-foundry
openapi-spec-samples.md,bash,7,ai-foundry
openapi-spec-samples.md,bash,3,ai-foundry
openapi-spec-samples.md,bash,3,ai-foundry
openapi-spec-samples.md,java,138,ai-foundry
openapi-spec.md,json,7,ai-foundry
openapi-spec.md,json,5,ai-foundry
openapi-spec.md,json,7,ai-foundry
overview.md,python,5,ai-foundry
sharepoint-samples.md,python,13,ai-foundry
sharepoint-samples.md,python,18,ai-foundry
sharepoint-samples.md,python,11,ai-foundry
sharepoint-samples.md,python,17,ai-foundry
sharepoint-samples.md,bash,21,ai-foundry
sharepoint-samples.md,bash,5,ai-foundry
sharepoint-samples.md,bash,8,ai-foundry
sharepoint-samples.md,bash,7,ai-foundry
sharepoint-samples.md,bash,3,ai-foundry
sharepoint-samples.md,bash,3,ai-foundry
capability-hosts.md,http,7,ai-foundry
capability-hosts.md,http,11,ai-foundry
capability-hosts.md,http,12,ai-foundry
capability-hosts.md,http,1,ai-foundry
capability-hosts.md,http,1,ai-foundry
capability-hosts.md,json,6,ai-foundry
capability-hosts.md,http,5,ai-foundry
capability-hosts.md,json,6,ai-foundry
capability-hosts.md,http,1,ai-foundry
capability-hosts.md,csharp,27,ai-foundry
